{
  "train": {
    "i2t_accuracy": 0.03125,
    "t2i_accuracy": 0.03125,
    "i2t_recall@1": 0.03125,
    "t2i_recall@1": 0.03125,
    "i2t_recall@5": 0.15625,
    "t2i_recall@5": 0.1599999964237213,
    "i2t_recall@10": 0.3125,
    "t2i_recall@10": 0.3174999952316284,
    "loss": 3.465592861175537
  },
  "validation": {
    "i2t_accuracy": 0.0859375,
    "t2i_accuracy": 0.0859375,
    "i2t_recall@1": 0.0859375,
    "t2i_recall@1": 0.0859375,
    "i2t_recall@5": 0.3671875,
    "t2i_recall@5": 0.375,
    "i2t_recall@10": 0.484375,
    "t2i_recall@10": 0.484375,
    "loss": 2.9458091259002686
  }
}