{
  "train": {
    "i2t_accuracy": 0.03125,
    "t2i_accuracy": 0.03375000134110451,
    "i2t_recall@1": 0.03125,
    "t2i_recall@1": 0.03375000134110451,
    "i2t_recall@5": 0.15000000596046448,
    "t2i_recall@5": 0.16249999403953552,
    "i2t_recall@10": 0.32249999046325684,
    "t2i_recall@10": 0.3125,
    "loss": 3.465545892715454
  },
  "validation": {
    "i2t_accuracy": 0.1484375,
    "t2i_accuracy": 0.09375,
    "i2t_recall@1": 0.1484375,
    "t2i_recall@1": 0.09375,
    "i2t_recall@5": 0.3671875,
    "t2i_recall@5": 0.34375,
    "i2t_recall@10": 0.4765625,
    "t2i_recall@10": 0.5,
    "loss": 2.9457504749298096
  }
}