{
  "train": {
    "i2t_accuracy": 0.03999999910593033,
    "t2i_accuracy": 0.027499999850988388,
    "i2t_recall@1": 0.03999999910593033,
    "t2i_recall@1": 0.027499999850988388,
    "i2t_recall@5": 0.17499999701976776,
    "t2i_recall@5": 0.19249999523162842,
    "i2t_recall@10": 0.36125001311302185,
    "t2i_recall@10": 0.3387500047683716,
    "loss": 3.465022087097168
  },
  "validation": {
    "i2t_accuracy": 0.1484375,
    "t2i_accuracy": 0.078125,
    "i2t_recall@1": 0.1484375,
    "t2i_recall@1": 0.078125,
    "i2t_recall@5": 0.375,
    "t2i_recall@5": 0.375,
    "i2t_recall@10": 0.5,
    "t2i_recall@10": 0.4921875,
    "loss": 2.9444360733032227
  }
}