{
  "train": {
    "i2t_accuracy": 0.038750000298023224,
    "t2i_accuracy": 0.03500000014901161,
    "i2t_recall@1": 0.038750000298023224,
    "t2i_recall@1": 0.03500000014901161,
    "i2t_recall@5": 0.16249999403953552,
    "t2i_recall@5": 0.16374999284744263,
    "i2t_recall@10": 0.3412500023841858,
    "t2i_recall@10": 0.32749998569488525,
    "loss": 3.465336799621582
  },
  "validation": {
    "i2t_accuracy": 0.0859375,
    "t2i_accuracy": 0.09375,
    "i2t_recall@1": 0.0859375,
    "t2i_recall@1": 0.09375,
    "i2t_recall@5": 0.375,
    "t2i_recall@5": 0.390625,
    "i2t_recall@10": 0.515625,
    "t2i_recall@10": 0.515625,
    "loss": 2.9455673694610596
  }
}