{
  "train": {
    "i2t_accuracy": 0.03125,
    "t2i_accuracy": 0.03125,
    "i2t_recall@1": 0.03125,
    "t2i_recall@1": 0.03125,
    "i2t_recall@5": 0.15625,
    "t2i_recall@5": 0.16249999403953552,
    "i2t_recall@10": 0.3125,
    "t2i_recall@10": 0.3162499964237213,
    "loss": 3.4663426876068115
  },
  "validation": {
    "i2t_accuracy": 0.0859375,
    "t2i_accuracy": 0.0859375,
    "i2t_recall@1": 0.0859375,
    "t2i_recall@1": 0.0859375,
    "i2t_recall@5": 0.3671875,
    "t2i_recall@5": 0.359375,
    "i2t_recall@10": 0.484375,
    "t2i_recall@10": 0.4765625,
    "loss": 2.9462215900421143
  }
}