{
  "train": {
    "i2t_accuracy": 0.032499998807907104,
    "t2i_accuracy": 0.032499998807907104,
    "i2t_recall@1": 0.032499998807907104,
    "t2i_recall@1": 0.032499998807907104,
    "i2t_recall@5": 0.15625,
    "t2i_recall@5": 0.15625,
    "i2t_recall@10": 0.3137499988079071,
    "t2i_recall@10": 0.3137499988079071,
    "loss": 3.4845428466796875
  },
  "validation": {
    "i2t_accuracy": 0.0859375,
    "t2i_accuracy": 0.0859375,
    "i2t_recall@1": 0.0859375,
    "t2i_recall@1": 0.0859375,
    "i2t_recall@5": 0.3671875,
    "t2i_recall@5": 0.3671875,
    "i2t_recall@10": 0.484375,
    "t2i_recall@10": 0.484375,
    "loss": 2.9466114044189453
  }
}