{
  "train": {
    "i2t_accuracy": 0.028750000521540642,
    "t2i_accuracy": 0.029999999329447746,
    "i2t_recall@1": 0.028750000521540642,
    "t2i_recall@1": 0.029999999329447746,
    "i2t_recall@5": 0.16750000417232513,
    "t2i_recall@5": 0.15625,
    "i2t_recall@10": 0.34375,
    "t2i_recall@10": 0.3174999952316284,
    "loss": 3.4656662940979004
  },
  "validation": {
    "i2t_accuracy": 0.1484375,
    "t2i_accuracy": 0.0859375,
    "i2t_recall@1": 0.1484375,
    "t2i_recall@1": 0.0859375,
    "i2t_recall@5": 0.359375,
    "t2i_recall@5": 0.3671875,
    "i2t_recall@10": 0.4765625,
    "t2i_recall@10": 0.4765625,
    "loss": 2.945822238922119
  }
}