{
  "train": {
    "i2t_accuracy": 0.03125,
    "t2i_accuracy": 0.032499998807907104,
    "i2t_recall@1": 0.03125,
    "t2i_recall@1": 0.032499998807907104,
    "i2t_recall@5": 0.15625,
    "t2i_recall@5": 0.1550000011920929,
    "i2t_recall@10": 0.3125,
    "t2i_recall@10": 0.3125,
    "loss": 3.465867519378662
  },
  "validation": {
    "i2t_accuracy": 0.0859375,
    "t2i_accuracy": 0.0859375,
    "i2t_recall@1": 0.0859375,
    "t2i_recall@1": 0.0859375,
    "i2t_recall@5": 0.3671875,
    "t2i_recall@5": 0.3671875,
    "i2t_recall@10": 0.484375,
    "t2i_recall@10": 0.4765625,
    "loss": 2.9459941387176514
  }
}