{
  "train": {
    "i2t_accuracy": 0.03125,
    "t2i_accuracy": 0.03375000134110451,
    "i2t_recall@1": 0.03125,
    "t2i_recall@1": 0.03375000134110451,
    "i2t_recall@5": 0.15625,
    "t2i_recall@5": 0.1587499976158142,
    "i2t_recall@10": 0.3125,
    "t2i_recall@10": 0.3112500011920929,
    "loss": 3.4656732082366943
  },
  "validation": {
    "i2t_accuracy": 0.0859375,
    "t2i_accuracy": 0.0859375,
    "i2t_recall@1": 0.0859375,
    "t2i_recall@1": 0.0859375,
    "i2t_recall@5": 0.3671875,
    "t2i_recall@5": 0.375,
    "i2t_recall@10": 0.484375,
    "t2i_recall@10": 0.46875,
    "loss": 2.945878028869629
  }
}