{
  "train": {
    "i2t_accuracy": 0.05000000074505806,
    "t2i_accuracy": 0.03999999910593033,
    "i2t_recall@1": 0.05000000074505806,
    "t2i_recall@1": 0.03999999910593033,
    "i2t_recall@5": 0.19750000536441803,
    "t2i_recall@5": 0.17374999821186066,
    "i2t_recall@10": 0.3687500059604645,
    "t2i_recall@10": 0.36000001430511475,
    "loss": 3.4609851837158203
  },
  "validation": {
    "i2t_accuracy": 0.1328125,
    "t2i_accuracy": 0.15625,
    "i2t_recall@1": 0.1328125,
    "t2i_recall@1": 0.15625,
    "i2t_recall@5": 0.3515625,
    "t2i_recall@5": 0.3828125,
    "i2t_recall@10": 0.4921875,
    "t2i_recall@10": 0.53125,
    "loss": 2.9347891807556152
  }
}