{
  "train": {
    "i2t_accuracy": 0.03750000149011612,
    "t2i_accuracy": 0.03375000134110451,
    "i2t_recall@1": 0.03750000149011612,
    "t2i_recall@1": 0.03375000134110451,
    "i2t_recall@5": 0.16625000536441803,
    "t2i_recall@5": 0.16750000417232513,
    "i2t_recall@10": 0.32624998688697815,
    "t2i_recall@10": 0.3137499988079071,
    "loss": 3.46559476852417
  },
  "validation": {
    "i2t_accuracy": 0.140625,
    "t2i_accuracy": 0.09375,
    "i2t_recall@1": 0.140625,
    "t2i_recall@1": 0.09375,
    "i2t_recall@5": 0.359375,
    "t2i_recall@5": 0.34375,
    "i2t_recall@10": 0.484375,
    "t2i_recall@10": 0.4921875,
    "loss": 2.945784091949463
  }
}