{
  "train": {
    "i2t_accuracy": 0.028750000521540642,
    "t2i_accuracy": 0.03125,
    "i2t_recall@1": 0.028750000521540642,
    "t2i_recall@1": 0.03125,
    "i2t_recall@5": 0.14624999463558197,
    "t2i_recall@5": 0.1587499976158142,
    "i2t_recall@10": 0.3162499964237213,
    "t2i_recall@10": 0.3187499940395355,
    "loss": 3.465636968612671
  },
  "validation": {
    "i2t_accuracy": 0.0859375,
    "t2i_accuracy": 0.0859375,
    "i2t_recall@1": 0.0859375,
    "t2i_recall@1": 0.0859375,
    "i2t_recall@5": 0.359375,
    "t2i_recall@5": 0.359375,
    "i2t_recall@10": 0.4765625,
    "t2i_recall@10": 0.5,
    "loss": 2.945798397064209
  }
}