{
  "train": {
    "i2t_accuracy": 0.036249998956918716,
    "t2i_accuracy": 0.042500000447034836,
    "i2t_recall@1": 0.036249998956918716,
    "t2i_recall@1": 0.042500000447034836,
    "i2t_recall@5": 0.17874999344348907,
    "t2i_recall@5": 0.1850000023841858,
    "i2t_recall@10": 0.3375000059604645,
    "t2i_recall@10": 0.35499998927116394,
    "loss": 3.47918701171875
  },
  "validation": {
    "i2t_accuracy": 0.0859375,
    "t2i_accuracy": 0.0859375,
    "i2t_recall@1": 0.0859375,
    "t2i_recall@1": 0.0859375,
    "i2t_recall@5": 0.3671875,
    "t2i_recall@5": 0.359375,
    "i2t_recall@10": 0.484375,
    "t2i_recall@10": 0.4921875,
    "loss": 2.9468491077423096
  }
}