{
  "train": {
    "i2t_accuracy": 0.028750000521540642,
    "t2i_accuracy": 0.029999999329447746,
    "i2t_recall@1": 0.028750000521540642,
    "t2i_recall@1": 0.029999999329447746,
    "i2t_recall@5": 0.16875000298023224,
    "t2i_recall@5": 0.1587499976158142,
    "i2t_recall@10": 0.3362500071525574,
    "t2i_recall@10": 0.32124999165534973,
    "loss": 3.4654669761657715
  },
  "validation": {
    "i2t_accuracy": 0.1484375,
    "t2i_accuracy": 0.0859375,
    "i2t_recall@1": 0.1484375,
    "t2i_recall@1": 0.0859375,
    "i2t_recall@5": 0.390625,
    "t2i_recall@5": 0.3828125,
    "i2t_recall@10": 0.484375,
    "t2i_recall@10": 0.4921875,
    "loss": 2.9456870555877686
  }
}