{
  "train": {
    "i2t_accuracy": 0.032499998807907104,
    "t2i_accuracy": 0.028750000521540642,
    "i2t_recall@1": 0.032499998807907104,
    "t2i_recall@1": 0.028750000521540642,
    "i2t_recall@5": 0.17000000178813934,
    "t2i_recall@5": 0.15000000596046448,
    "i2t_recall@10": 0.3174999952316284,
    "t2i_recall@10": 0.3187499940395355,
    "loss": 3.4657387733459473
  },
  "validation": {
    "i2t_accuracy": 0.078125,
    "t2i_accuracy": 0.0859375,
    "i2t_recall@1": 0.078125,
    "t2i_recall@1": 0.0859375,
    "i2t_recall@5": 0.3671875,
    "t2i_recall@5": 0.3671875,
    "i2t_recall@10": 0.484375,
    "t2i_recall@10": 0.5078125,
    "loss": 2.9458632469177246
  }
}