{
  "train": {
    "i2t_accuracy": 0.03125,
    "t2i_accuracy": 0.032499998807907104,
    "i2t_recall@1": 0.03125,
    "t2i_recall@1": 0.032499998807907104,
    "i2t_recall@5": 0.16124999523162842,
    "t2i_recall@5": 0.15625,
    "i2t_recall@10": 0.3187499940395355,
    "t2i_recall@10": 0.3125,
    "loss": 3.466108798980713
  },
  "validation": {
    "i2t_accuracy": 0.125,
    "t2i_accuracy": 0.0859375,
    "i2t_recall@1": 0.125,
    "t2i_recall@1": 0.0859375,
    "i2t_recall@5": 0.390625,
    "t2i_recall@5": 0.375,
    "i2t_recall@10": 0.4921875,
    "t2i_recall@10": 0.4921875,
    "loss": 2.94596266746521
  }
}