{
  "train": {
    "i2t_accuracy": 0.02500000037252903,
    "t2i_accuracy": 0.03500000014901161,
    "i2t_recall@1": 0.02500000037252903,
    "t2i_recall@1": 0.03500000014901161,
    "i2t_recall@5": 0.1599999964237213,
    "t2i_recall@5": 0.1574999988079071,
    "i2t_recall@10": 0.32499998807907104,
    "t2i_recall@10": 0.3174999952316284,
    "loss": 3.46549916267395
  },
  "validation": {
    "i2t_accuracy": 0.1484375,
    "t2i_accuracy": 0.09375,
    "i2t_recall@1": 0.1484375,
    "t2i_recall@1": 0.09375,
    "i2t_recall@5": 0.375,
    "t2i_recall@5": 0.359375,
    "i2t_recall@10": 0.484375,
    "t2i_recall@10": 0.5078125,
    "loss": 2.945720911026001
  }
}