{
  "train": {
    "i2t_accuracy": 0.042500000447034836,
    "t2i_accuracy": 0.036249998956918716,
    "i2t_recall@1": 0.042500000447034836,
    "t2i_recall@1": 0.036249998956918716,
    "i2t_recall@5": 0.1899999976158142,
    "t2i_recall@5": 0.1537500023841858,
    "i2t_recall@10": 0.3762499988079071,
    "t2i_recall@10": 0.32124999165534973,
    "loss": 3.4646008014678955
  },
  "validation": {
    "i2t_accuracy": 0.140625,
    "t2i_accuracy": 0.0859375,
    "i2t_recall@1": 0.140625,
    "t2i_recall@1": 0.0859375,
    "i2t_recall@5": 0.359375,
    "t2i_recall@5": 0.3671875,
    "i2t_recall@10": 0.5234375,
    "t2i_recall@10": 0.4921875,
    "loss": 2.943145275115967
  }
}